<?xml version="1.0" encoding="UTF-8"?>
<GenRun Id="impl_1" LaunchPart="xc7a35tcpg236-1" LaunchTime="1480478313">
  <File Type="PWROPT-DRC" Name="regist_drc_pwropted.rpt"/>
  <File Type="OPT-METHODOLOGY-DRC" Name="regist_methodology_drc_opted.rpt"/>
  <File Type="INIT-TIMING" Name="regist_timing_summary_init.rpt"/>
  <File Type="ROUTE-PWR-RPX" Name="regist_power_routed.rpx"/>
  <File Type="PA-TCL" Name="regist.tcl"/>
  <File Type="OPT-HWDEF" Name="regist.hwdef"/>
  <File Type="RDI-RDI" Name="regist.vdi"/>
  <File Type="OPT-DCP" Name="regist_opt.dcp"/>
  <File Type="OPT-DRC" Name="regist_drc_opted.rpt"/>
  <File Type="OPT-TIMING" Name="regist_timing_summary_opted.rpt"/>
  <File Type="PWROPT-DCP" Name="regist_pwropt.dcp"/>
  <File Type="PWROPT-TIMING" Name="regist_timing_summary_pwropted.rpt"/>
  <File Type="PLACE-DCP" Name="regist_placed.dcp"/>
  <File Type="PLACE-IO" Name="regist_io_placed.rpt"/>
  <File Type="PLACE-CLK" Name="regist_clock_utilization_placed.rpt"/>
  <File Type="PLACE-UTIL" Name="regist_utilization_placed.rpt"/>
  <File Type="PLACE-UTIL-PB" Name="regist_utilization_placed.pb"/>
  <File Type="PLACE-CTRL" Name="regist_control_sets_placed.rpt"/>
  <File Type="PLACE-SIMILARITY" Name="regist_incremental_reuse_placed.rpt"/>
  <File Type="PLACE-PRE-SIMILARITY" Name="regist_incremental_reuse_pre_placed.rpt"/>
  <File Type="PLACE-TIMING" Name="regist_timing_summary_placed.rpt"/>
  <File Type="POSTPLACE-PWROPT-DCP" Name="regist_postplace_pwropt.dcp"/>
  <File Type="POSTPLACE-PWROPT-TIMING" Name="regist_timing_summary_postplace_pwropted.rpt"/>
  <File Type="PHYSOPT-DCP" Name="regist_physopt.dcp"/>
  <File Type="PHYSOPT-DRC" Name="regist_drc_physopted.rpt"/>
  <File Type="PHYSOPT-TIMING" Name="regist_timing_summary_physopted.rpt"/>
  <File Type="ROUTE-ERROR-DCP" Name="regist_routed_error.dcp"/>
  <File Type="ROUTE-DCP" Name="regist_routed.dcp"/>
  <File Type="ROUTE-BLACKBOX-DCP" Name="regist_routed_bb.dcp"/>
  <File Type="ROUTE-DRC" Name="regist_drc_routed.rpt"/>
  <File Type="ROUTE-DRC-PB" Name="regist_drc_routed.pb"/>
  <File Type="BG-BIN" Name="regist.bin"/>
  <File Type="ROUTE-DRC-RPX" Name="regist_drc_routed.rpx"/>
  <File Type="BG-DRC" Name="regist.drc"/>
  <File Type="ROUTE-METHODOLOGY-DRC" Name="regist_methodology_drc_routed.rpt"/>
  <File Type="BITSTR-MSK" Name="regist.msk"/>
  <File Type="ROUTE-METHODOLOGY-DRC-RPX" Name="regist_methodology_drc_routed.rpx"/>
  <File Type="BG-BGN" Name="regist.bgn"/>
  <File Type="ROUTE-METHODOLOGY-DRC-PB" Name="regist_methodology_drc_routed.pb"/>
  <File Type="ROUTE-PWR" Name="regist_power_routed.rpt"/>
  <File Type="ROUTE-PWR-SUM" Name="regist_power_summary_routed.pb"/>
  <File Type="ROUTE-STATUS" Name="regist_route_status.rpt"/>
  <File Type="ROUTE-STATUS-PB" Name="regist_route_status.pb"/>
  <File Type="ROUTE-TIMINGSUMMARY" Name="regist_timing_summary_routed.rpt"/>
  <File Type="ROUTE-TIMING-PB" Name="regist_timing_summary_routed.pb"/>
  <File Type="ROUTE-TIMING-RPX" Name="regist_timing_summary_routed.rpx"/>
  <File Type="ROUTE-SIMILARITY" Name="regist_incremental_reuse_routed.rpt"/>
  <File Type="ROUTE-CLK" Name="regist_clock_utilization_routed.rpt"/>
  <File Type="POSTROUTE-PHYSOPT-DCP" Name="regist_postroute_physopt.dcp"/>
  <File Type="POSTROUTE-PHYSOPT-BLACKBOX-DCP" Name="regist_postroute_physopt_bb.dcp"/>
  <File Type="POSTROUTE-PHYSOPT-TIMING" Name="regist_timing_summary_postroute_physopted.rpt"/>
  <File Type="POSTROUTE-PHYSOPT-TIMING-PB" Name="regist_timing_summary_postroute_physopted.pb"/>
  <File Type="POSTROUTE-PHYSOPT-TIMING-RPX" Name="regist_timing_summary_postroute_physopted.rpx"/>
  <File Type="BG-BIT" Name="regist.bit"/>
  <File Type="BITSTR-RBT" Name="regist.rbt"/>
  <File Type="BITSTR-NKY" Name="regist.nky"/>
  <File Type="BITSTR-BMM" Name="regist_bd.bmm"/>
  <File Type="BITSTR-MMI" Name="regist.mmi"/>
  <File Type="BITSTR-SYSDEF" Name="regist.sysdef"/>
  <File Type="WBT-USG" Name="usage_statistics_webtalk.html"/>
  <FileSet Name="sources" Type="DesignSrcs" RelSrcDir="$PSRCDIR/sources_1">
    <Filter Type="Srcs"/>
    <File Path="$PSRCDIR/sources_1/new/regist.vhd">
      <FileInfo>
        <Attr Name="ImportPath" Val="$PPRDIR/../lab10.1/lab10.1.srcs/sources_1/new/regist.vhd"/>
        <Attr Name="ImportTime" Val="1480395136"/>
        <Attr Name="UsedIn" Val="synthesis"/>
        <Attr Name="UsedIn" Val="simulation"/>
      </FileInfo>
    </File>
    <Config>
      <Option Name="DesignMode" Val="RTL"/>
      <Option Name="TopModule" Val="regist"/>
      <Option Name="TopAutoSet" Val="TRUE"/>
    </Config>
  </FileSet>
  <FileSet Name="constrs_in" Type="Constrs" RelSrcDir="$PSRCDIR/constrs_1">
    <Filter Type="Constrs"/>
    <File Path="$PSRCDIR/constrs_1/new/xdc10.xdc">
      <FileInfo>
        <Attr Name="ImportPath" Val="$PPRDIR/../lab10.1/lab10.1.srcs/constrs_1/new/xdc10.xdc"/>
        <Attr Name="ImportTime" Val="1480395231"/>
        <Attr Name="UsedIn" Val="synthesis"/>
        <Attr Name="UsedIn" Val="implementation"/>
      </FileInfo>
    </File>
    <Config>
      <Option Name="ConstrsType" Val="XDC"/>
    </Config>
  </FileSet>
  <Strategy Version="1" Minor="2">
    <StratHandle Name="Vivado Implementation Defaults" Flow="Vivado Implementation 2015"/>
    <Step Id="init_design"/>
    <Step Id="opt_design"/>
    <Step Id="power_opt_design"/>
    <Step Id="place_design"/>
    <Step Id="post_place_power_opt_design"/>
    <Step Id="phys_opt_design"/>
    <Step Id="route_design"/>
    <Step Id="post_route_phys_opt_design"/>
    <Step Id="write_bitstream"/>
  </Strategy>
</GenRun>
