<?xml version="1.0" encoding="UTF-8"?>
<GenRun Id="synth_1" LaunchPart="xc7a35tcpg236-1" LaunchTime="1480478313">
  <File Type="RDS-PROPCONSTRS" Name="regist_drc_synth.rpt"/>
  <File Type="PA-TCL" Name="regist.tcl"/>
  <File Type="RDS-RDS" Name="regist.vds"/>
  <File Type="RDS-UTIL" Name="regist_utilization_synth.rpt"/>
  <File Type="RDS-UTIL-PB" Name="regist_utilization_synth.pb"/>
  <File Type="RDS-DCP" Name="regist.dcp"/>
  <File Type="VDS-TIMINGSUMMARY" Name="regist_timing_summary_synth.rpt"/>
  <File Type="VDS-TIMING-PB" Name="regist_timing_summary_synth.pb"/>
  <FileSet Name="sources" Type="DesignSrcs" RelSrcDir="$PSRCDIR/sources_1">
    <Filter Type="Srcs"/>
    <File Path="$PSRCDIR/sources_1/new/regist.vhd">
      <FileInfo>
        <Attr Name="ImportPath" Val="$PPRDIR/../lab10.1/lab10.1.srcs/sources_1/new/regist.vhd"/>
        <Attr Name="ImportTime" Val="1480395136"/>
        <Attr Name="UsedIn" Val="synthesis"/>
        <Attr Name="UsedIn" Val="simulation"/>
      </FileInfo>
    </File>
    <Config>
      <Option Name="DesignMode" Val="RTL"/>
      <Option Name="TopModule" Val="regist"/>
      <Option Name="TopAutoSet" Val="TRUE"/>
    </Config>
  </FileSet>
  <FileSet Name="constrs_in" Type="Constrs" RelSrcDir="$PSRCDIR/constrs_1">
    <Filter Type="Constrs"/>
    <File Path="$PSRCDIR/constrs_1/new/xdc10.xdc">
      <FileInfo>
        <Attr Name="ImportPath" Val="$PPRDIR/../lab10.1/lab10.1.srcs/constrs_1/new/xdc10.xdc"/>
        <Attr Name="ImportTime" Val="1480395231"/>
        <Attr Name="UsedIn" Val="synthesis"/>
        <Attr Name="UsedIn" Val="implementation"/>
      </FileInfo>
    </File>
    <Config>
      <Option Name="ConstrsType" Val="XDC"/>
    </Config>
  </FileSet>
  <Strategy Version="1" Minor="2">
    <StratHandle Name="Vivado Synthesis Defaults" Flow="Vivado Synthesis 2015"/>
    <Step Id="synth_design"/>
  </Strategy>
</GenRun>
