<?xml version="1.0" encoding="UTF-8"?>
<GenRun Id="synth_1" LaunchPart="xc7a35tcpg236-1" LaunchTime="1480473540">
  <File Type="RDS-PROPCONSTRS" Name="master_drc_synth.rpt"/>
  <File Type="PA-TCL" Name="master.tcl"/>
  <File Type="RDS-RDS" Name="master.vds"/>
  <File Type="RDS-UTIL" Name="master_utilization_synth.rpt"/>
  <File Type="RDS-UTIL-PB" Name="master_utilization_synth.pb"/>
  <File Type="RDS-DCP" Name="master.dcp"/>
  <File Type="VDS-TIMINGSUMMARY" Name="master_timing_summary_synth.rpt"/>
  <File Type="VDS-TIMING-PB" Name="master_timing_summary_synth.pb"/>
  <FileSet Name="sources" Type="DesignSrcs" RelSrcDir="$PSRCDIR/sources_1">
    <Filter Type="Srcs"/>
    <File Path="$PSRCDIR/sources_1/new/decreg.vhd">
      <FileInfo>
        <Attr Name="UsedIn" Val="synthesis"/>
        <Attr Name="UsedIn" Val="simulation"/>
      </FileInfo>
    </File>
    <File Path="$PSRCDIR/sources_1/new/mux4bit.vhd">
      <FileInfo>
        <Attr Name="ImportPath" Val="$PPRDIR/../lab10.2/lab10.2.srcs/sources_1/new/mux4bit.vhd"/>
        <Attr Name="ImportTime" Val="1480428131"/>
        <Attr Name="UsedIn" Val="synthesis"/>
        <Attr Name="UsedIn" Val="simulation"/>
      </FileInfo>
    </File>
    <File Path="$PSRCDIR/sources_1/new/dflipflop.vhd">
      <FileInfo>
        <Attr Name="ImportPath" Val="$PPRDIR/../lab10.2/lab10.2.srcs/sources_1/new/dflipflop.vhd"/>
        <Attr Name="ImportTime" Val="1480398713"/>
        <Attr Name="UsedIn" Val="synthesis"/>
        <Attr Name="UsedIn" Val="simulation"/>
      </FileInfo>
    </File>
    <File Path="$PSRCDIR/sources_1/new/decoder.vhd">
      <FileInfo>
        <Attr Name="ImportPath" Val="$PPRDIR/../lab10.2/lab10.2.srcs/sources_1/new/decoder.vhd"/>
        <Attr Name="ImportTime" Val="1480428468"/>
        <Attr Name="UsedIn" Val="synthesis"/>
        <Attr Name="UsedIn" Val="simulation"/>
      </FileInfo>
    </File>
    <File Path="$PSRCDIR/sources_1/new/upcount.vhd">
      <FileInfo>
        <Attr Name="ImportPath" Val="$PPRDIR/../lab10.2/lab10.2.srcs/sources_1/new/upcount.vhd"/>
        <Attr Name="ImportTime" Val="1480397443"/>
        <Attr Name="UsedIn" Val="synthesis"/>
        <Attr Name="UsedIn" Val="simulation"/>
      </FileInfo>
    </File>
    <File Path="$PSRCDIR/sources_1/new/muxer.vhd">
      <FileInfo>
        <Attr Name="ImportPath" Val="$PPRDIR/../lab10.2/lab10.2.srcs/sources_1/new/muxer.vhd"/>
        <Attr Name="ImportTime" Val="1480428079"/>
        <Attr Name="UsedIn" Val="synthesis"/>
        <Attr Name="UsedIn" Val="simulation"/>
      </FileInfo>
    </File>
    <File Path="$PSRCDIR/sources_1/new/bit7.vhd">
      <FileInfo>
        <Attr Name="ImportPath" Val="$PPRDIR/../lab10.2/lab10.2.srcs/sources_1/new/bit7.vhd"/>
        <Attr Name="ImportTime" Val="1480396332"/>
        <Attr Name="UsedIn" Val="synthesis"/>
        <Attr Name="UsedIn" Val="simulation"/>
      </FileInfo>
    </File>
    <File Path="$PSRCDIR/sources_1/new/reg8.vhd">
      <FileInfo>
        <Attr Name="ImportPath" Val="$PPRDIR/../lab10.2/lab10.2.srcs/sources_1/new/reg8.vhd"/>
        <Attr Name="ImportTime" Val="1480430158"/>
        <Attr Name="UsedIn" Val="synthesis"/>
        <Attr Name="UsedIn" Val="simulation"/>
      </FileInfo>
    </File>
    <File Path="$PSRCDIR/sources_1/new/master.vhd">
      <FileInfo>
        <Attr Name="ImportPath" Val="$PPRDIR/../lab10.2/lab10.2.srcs/sources_1/new/master.vhd"/>
        <Attr Name="ImportTime" Val="1480428178"/>
        <Attr Name="UsedIn" Val="synthesis"/>
        <Attr Name="UsedIn" Val="simulation"/>
      </FileInfo>
    </File>
    <Config>
      <Option Name="DesignMode" Val="RTL"/>
      <Option Name="TopModule" Val="master"/>
      <Option Name="TopAutoSet" Val="TRUE"/>
    </Config>
  </FileSet>
  <FileSet Name="constrs_in" Type="Constrs" RelSrcDir="$PSRCDIR/constrs_1">
    <Filter Type="Constrs"/>
    <File Path="$PSRCDIR/constrs_1/new/lab101xdc.xdc">
      <FileInfo>
        <Attr Name="ImportPath" Val="$PPRDIR/../lab10.2/lab10.2.srcs/constrs_1/new/lab101xdc.xdc"/>
        <Attr Name="ImportTime" Val="1480403702"/>
        <Attr Name="UsedIn" Val="synthesis"/>
        <Attr Name="UsedIn" Val="implementation"/>
      </FileInfo>
    </File>
    <Config>
      <Option Name="ConstrsType" Val="XDC"/>
    </Config>
  </FileSet>
  <Strategy Version="1" Minor="2">
    <StratHandle Name="Vivado Synthesis Defaults" Flow="Vivado Synthesis 2015"/>
    <Step Id="synth_design"/>
  </Strategy>
</GenRun>
