<?xml version="1.0" encoding="UTF-8"?>
<GenRun Id="impl_1" LaunchPart="xc7a35tcpg236-1" LaunchTime="1489535212">
  <File Type="PWROPT-DRC" Name="fullAdder_drc_pwropted.rpt"/>
  <File Type="OPT-METHODOLOGY-DRC" Name="fullAdder_methodology_drc_opted.rpt"/>
  <File Type="INIT-TIMING" Name="fullAdder_timing_summary_init.rpt"/>
  <File Type="ROUTE-PWR-RPX" Name="fullAdder_power_routed.rpx"/>
  <File Type="PA-TCL" Name="fullAdder.tcl"/>
  <File Type="OPT-HWDEF" Name="fullAdder.hwdef"/>
  <File Type="RDI-RDI" Name="fullAdder.vdi"/>
  <File Type="OPT-DCP" Name="fullAdder_opt.dcp"/>
  <File Type="OPT-DRC" Name="fullAdder_drc_opted.rpt"/>
  <File Type="OPT-TIMING" Name="fullAdder_timing_summary_opted.rpt"/>
  <File Type="PWROPT-DCP" Name="fullAdder_pwropt.dcp"/>
  <File Type="PWROPT-TIMING" Name="fullAdder_timing_summary_pwropted.rpt"/>
  <File Type="PLACE-DCP" Name="fullAdder_placed.dcp"/>
  <File Type="PLACE-IO" Name="fullAdder_io_placed.rpt"/>
  <File Type="PLACE-CLK" Name="fullAdder_clock_utilization_placed.rpt"/>
  <File Type="PLACE-UTIL" Name="fullAdder_utilization_placed.rpt"/>
  <File Type="PLACE-UTIL-PB" Name="fullAdder_utilization_placed.pb"/>
  <File Type="PLACE-CTRL" Name="fullAdder_control_sets_placed.rpt"/>
  <File Type="PLACE-SIMILARITY" Name="fullAdder_incremental_reuse_placed.rpt"/>
  <File Type="PLACE-PRE-SIMILARITY" Name="fullAdder_incremental_reuse_pre_placed.rpt"/>
  <File Type="PLACE-TIMING" Name="fullAdder_timing_summary_placed.rpt"/>
  <File Type="POSTPLACE-PWROPT-DCP" Name="fullAdder_postplace_pwropt.dcp"/>
  <File Type="POSTPLACE-PWROPT-TIMING" Name="fullAdder_timing_summary_postplace_pwropted.rpt"/>
  <File Type="PHYSOPT-DCP" Name="fullAdder_physopt.dcp"/>
  <File Type="PHYSOPT-DRC" Name="fullAdder_drc_physopted.rpt"/>
  <File Type="PHYSOPT-TIMING" Name="fullAdder_timing_summary_physopted.rpt"/>
  <File Type="ROUTE-ERROR-DCP" Name="fullAdder_routed_error.dcp"/>
  <File Type="ROUTE-DCP" Name="fullAdder_routed.dcp"/>
  <File Type="ROUTE-BLACKBOX-DCP" Name="fullAdder_routed_bb.dcp"/>
  <File Type="ROUTE-DRC" Name="fullAdder_drc_routed.rpt"/>
  <File Type="ROUTE-DRC-PB" Name="fullAdder_drc_routed.pb"/>
  <File Type="BG-BIN" Name="fullAdder.bin"/>
  <File Type="ROUTE-DRC-RPX" Name="fullAdder_drc_routed.rpx"/>
  <File Type="BG-DRC" Name="fullAdder.drc"/>
  <File Type="ROUTE-METHODOLOGY-DRC" Name="fullAdder_methodology_drc_routed.rpt"/>
  <File Type="BITSTR-MSK" Name="fullAdder.msk"/>
  <File Type="ROUTE-METHODOLOGY-DRC-RPX" Name="fullAdder_methodology_drc_routed.rpx"/>
  <File Type="BG-BGN" Name="fullAdder.bgn"/>
  <File Type="ROUTE-METHODOLOGY-DRC-PB" Name="fullAdder_methodology_drc_routed.pb"/>
  <File Type="ROUTE-PWR" Name="fullAdder_power_routed.rpt"/>
  <File Type="ROUTE-PWR-SUM" Name="fullAdder_power_summary_routed.pb"/>
  <File Type="ROUTE-STATUS" Name="fullAdder_route_status.rpt"/>
  <File Type="ROUTE-STATUS-PB" Name="fullAdder_route_status.pb"/>
  <File Type="ROUTE-TIMINGSUMMARY" Name="fullAdder_timing_summary_routed.rpt"/>
  <File Type="ROUTE-TIMING-PB" Name="fullAdder_timing_summary_routed.pb"/>
  <File Type="ROUTE-TIMING-RPX" Name="fullAdder_timing_summary_routed.rpx"/>
  <File Type="ROUTE-SIMILARITY" Name="fullAdder_incremental_reuse_routed.rpt"/>
  <File Type="ROUTE-CLK" Name="fullAdder_clock_utilization_routed.rpt"/>
  <File Type="POSTROUTE-PHYSOPT-DCP" Name="fullAdder_postroute_physopt.dcp"/>
  <File Type="POSTROUTE-PHYSOPT-BLACKBOX-DCP" Name="fullAdder_postroute_physopt_bb.dcp"/>
  <File Type="POSTROUTE-PHYSOPT-TIMING" Name="fullAdder_timing_summary_postroute_physopted.rpt"/>
  <File Type="POSTROUTE-PHYSOPT-TIMING-PB" Name="fullAdder_timing_summary_postroute_physopted.pb"/>
  <File Type="POSTROUTE-PHYSOPT-TIMING-RPX" Name="fullAdder_timing_summary_postroute_physopted.rpx"/>
  <File Type="BG-BIT" Name="fullAdder.bit"/>
  <File Type="BITSTR-RBT" Name="fullAdder.rbt"/>
  <File Type="BITSTR-NKY" Name="fullAdder.nky"/>
  <File Type="BITSTR-BMM" Name="fullAdder_bd.bmm"/>
  <File Type="BITSTR-MMI" Name="fullAdder.mmi"/>
  <File Type="BITSTR-SYSDEF" Name="fullAdder.sysdef"/>
  <File Type="WBT-USG" Name="usage_statistics_webtalk.html"/>
  <FileSet Name="sources" Type="DesignSrcs" RelSrcDir="$PSRCDIR/sources_1">
    <Filter Type="Srcs"/>
    <File Path="$PSRCDIR/sources_1/new/and2.vhd">
      <FileInfo>
        <Attr Name="UsedIn" Val="synthesis"/>
        <Attr Name="UsedIn" Val="simulation"/>
      </FileInfo>
    </File>
    <File Path="$PSRCDIR/sources_1/new/xor2.vhd">
      <FileInfo>
        <Attr Name="UsedIn" Val="synthesis"/>
        <Attr Name="UsedIn" Val="simulation"/>
      </FileInfo>
    </File>
    <File Path="$PSRCDIR/sources_1/new/orGate.vhd">
      <FileInfo>
        <Attr Name="UsedIn" Val="synthesis"/>
        <Attr Name="UsedIn" Val="simulation"/>
      </FileInfo>
    </File>
    <File Path="$PSRCDIR/sources_1/new/half_adder.vhd">
      <FileInfo>
        <Attr Name="UsedIn" Val="synthesis"/>
        <Attr Name="UsedIn" Val="simulation"/>
      </FileInfo>
    </File>
    <File Path="$PSRCDIR/sources_1/new/fullAdder.vhd">
      <FileInfo>
        <Attr Name="UsedIn" Val="synthesis"/>
        <Attr Name="UsedIn" Val="simulation"/>
      </FileInfo>
    </File>
    <Config>
      <Option Name="DesignMode" Val="RTL"/>
      <Option Name="TopModule" Val="fullAdder"/>
      <Option Name="TopAutoSet" Val="TRUE"/>
    </Config>
  </FileSet>
  <FileSet Name="constrs_in" Type="Constrs" RelSrcDir="$PSRCDIR/constrs_1">
    <Filter Type="Constrs"/>
    <File Path="$PPRDIR/../../../basys3_master.xdc">
      <FileInfo>
        <Attr Name="UsedIn" Val="synthesis"/>
        <Attr Name="UsedIn" Val="implementation"/>
      </FileInfo>
    </File>
    <Config>
      <Option Name="ConstrsType" Val="XDC"/>
    </Config>
  </FileSet>
  <Strategy Version="1" Minor="2">
    <StratHandle Name="Vivado Implementation Defaults" Flow="Vivado Implementation 2016"/>
    <Step Id="init_design"/>
    <Step Id="opt_design"/>
    <Step Id="power_opt_design"/>
    <Step Id="place_design"/>
    <Step Id="post_place_power_opt_design"/>
    <Step Id="phys_opt_design"/>
    <Step Id="route_design"/>
    <Step Id="post_route_phys_opt_design"/>
    <Step Id="write_bitstream"/>
  </Strategy>
</GenRun>
